제2022-19차 4분기 박사후연구원 모집 공고,2022.12.05,https://www.alio.go.kr/item/itemBoardB1020.do?seq=2022120602538118&disclosureNo=2022120602538118
제2022-20차 4분기 청년인턴(체험형인턴) 모집 공고,2022.12.05,https://www.alio.go.kr/item/itemBoardB1020.do?seq=2022120502537332&disclosureNo=2022120502537332
한국재료연구원 2022-2차 정규직 공개채용 공고,2022.09.01,https://www.alio.go.kr/item/itemBoardB1020.do?seq=2022083102492359&disclosureNo=2022083102492359
제2022-15차 3분기 박사후연구원 모집 공고,2022.08.26,https://www.alio.go.kr/item/itemBoardB1020.do?seq=2022082602490718&disclosureNo=2022082602490718
제2022-16차 3분기 청년인턴(체험형인턴) 모집 공고,2022.08.26,https://www.alio.go.kr/item/itemBoardB1020.do?seq=2022082602490722&disclosureNo=2022082602490722
제2022-14차 출연(연) 맞춤형 인력양성사업 박사후연구원 모집 공고,2022.08.26,https://www.alio.go.kr/item/itemBoardB1020.do?seq=2022082602490713&disclosureNo=2022082602490713
제2022-13차 3분기 비정규직 모집 공고,2022.08.23,https://www.alio.go.kr/item/itemBoardB1020.do?seq=2022082302488857&disclosureNo=2022082302488857
제2022-11차 2분기 청년인턴(체험형인턴) 모집 공고,2022.06.27,https://www.alio.go.kr/item/itemBoardB1020.do?seq=2022062702457401&disclosureNo=2022062702457401
제2022-10차 2분기 박사후연구원 모집 공고,2022.06.27,https://www.alio.go.kr/item/itemBoardB1020.do?seq=2022062702457392&disclosureNo=2022062702457392
제2022-9차 출연(연) 맞춤형 인력양성사업 박사후연구원 모집 공고,2022.06.22,https://www.alio.go.kr/item/itemBoardB1020.do?seq=2022062202455479&disclosureNo=2022062202455479
제2022-7차 2분기 비정규직 모집 공고,2022.05.10,https://www.alio.go.kr/item/itemBoardB1020.do?seq=2022060202445612&disclosureNo=2022060202445612
제2022-8차 2분기 비정규직(장애인 제한경쟁) 모집 공고,2022.05.10,https://www.alio.go.kr/item/itemBoardB1020.do?seq=2022051002433476&disclosureNo=2022051002433476
제2022-5차 출연(연) 맞춤형 인력양성사업 박사후연구원 모집 공고,2022.03.04,https://www.alio.go.kr/item/itemBoardB1020.do?seq=2022030402391289&disclosureNo=2022030402391289
제2022-6차 1분기 청년인턴(체험형인턴) 모집 공고,2022.03.04,https://www.alio.go.kr/item/itemBoardB1020.do?seq=2022030402391305&disclosureNo=2022030402391305
제2022-4차 1분기 박사후연구원 모집 공고,2022.03.04,https://www.alio.go.kr/item/itemBoardB1020.do?seq=2022030402391279&disclosureNo=2022030402391279
한국재료연구원 2022-1차 정규직 공개채용 공고,2022.03.03,https://www.alio.go.kr/item/itemBoardB1020.do?seq=2022030302390590&disclosureNo=2022030302390590
제2022-1차 비정규직 모집 공고,2022.01.24,https://www.alio.go.kr/item/itemBoardB1020.do?seq=2022012602373371&disclosureNo=2022012602373371
제2022-2차 비정규직(전문연구요원) 모집 공고,2022.01.24,https://www.alio.go.kr/item/itemBoardB1020.do?seq=2022012602373380&disclosureNo=2022012602373380
제2021-15차 4분기 체험형인턴(자체인턴) 모집 공고,2021.11.30,https://www.alio.go.kr/item/itemBoardB1020.do?seq=2021113002348385&disclosureNo=2021113002348385
제2021-14차 4분기 박사후연구원 모집 공고,2021.11.30,https://www.alio.go.kr/item/itemBoardB1020.do?seq=2021113002348379&disclosureNo=2021113002348379
제2021-14차 비정규직(전문연구요원) 모집 공고,2021.11.04,https://www.alio.go.kr/item/itemBoardB1020.do?seq=2021110402337977&disclosureNo=2021110402337977
제2021-13차 비정규직 모집 공고,2021.11.01,https://www.alio.go.kr/item/itemBoardB1020.do?seq=2021102702334581&disclosureNo=2021102702334581
2021년도 제4차 출연(연) 맞춤형 인력양성사업 박사후연구원 모집 공고,2021.10.13,https://www.alio.go.kr/item/itemBoardB1020.do?seq=2021100702322022&disclosureNo=2021100702322022
한국재료연구원 2021-2차 정규직 공개채용 공고,2021.09.13,https://www.alio.go.kr/item/itemBoardB1020.do?seq=2021102102331533&disclosureNo=2021102102331533
제2021-10차 3분기 박사후연구원 모집 공고,2021.09.10,https://www.alio.go.kr/item/itemBoardB1020.do?seq=2021090902311081&disclosureNo=2021090902311081
제2021-11차 3분기 체험형인턴(자체인턴) 모집 공고,2021.09.10,https://www.alio.go.kr/item/itemBoardB1020.do?seq=2021090902311087&disclosureNo=2021090902311087
2021년도 제3차 출연(연) 맞춤형 인력양성사업 박사후연구원 모집 공고,2021.08.30,https://www.alio.go.kr/item/itemBoardB1020.do?seq=2021082702305924&disclosureNo=2021082702305924
2021년도 제2차 출연(연) 맞춤형 인력양성사업 박사후연구원 모집 공고,2021.06.18,https://www.alio.go.kr/item/itemBoardB1020.do?seq=2021061802271335&disclosureNo=2021061802271335
제2021-6차 2분기 박사후연구원 모집 공고,2021.06.10,https://www.alio.go.kr/item/itemBoardB1020.do?seq=2021061002267194&disclosureNo=2021061002267194
제2021-7차 2분기 체험형인턴(자체인턴) 모집 공고,2021.06.10,https://www.alio.go.kr/item/itemBoardB1020.do?seq=2021061002267198&disclosureNo=2021061002267198
제2021-5차 비정규직 모집 공고,2021.06.08,https://www.alio.go.kr/item/itemBoardB1020.do?seq=2021060802265641&disclosureNo=2021060802265641
2021년도 제1차 출연(연) 맞춤형 인력양성사업 박사후연구원 모집 공고,2021.04.05,https://www.alio.go.kr/item/itemBoardB1020.do?seq=2021040202182152&disclosureNo=2021040202182152
한국재료연구원 2021-1차 정규직 공개채용 공고,2021.03.09,https://www.alio.go.kr/item/itemBoardB1020.do?seq=2021030902168367&disclosureNo=2021030902168367
제2021-3차 비정규직 모집 공고,2021.03.02,https://www.alio.go.kr/item/itemBoardB1020.do?seq=2021030202164241&disclosureNo=2021030202164241
제2021-1차 1분기 박사후연구원 모집 공고,2021.02.22,https://www.alio.go.kr/item/itemBoardB1020.do?seq=2021022202160811&disclosureNo=2021022202160811
제2021-2차 1분기 체험형인턴(자체인턴) 모집 공고,2021.02.22,https://www.alio.go.kr/item/itemBoardB1020.do?seq=2021022202160813&disclosureNo=2021022202160813
제2020-18차 비정규직(육아휴직대체인력) 채용 공고,2020.11.18,https://www.alio.go.kr/item/itemBoardB1020.do?seq=2020111802120792&disclosureNo=2020111802120792
제2020-17차 비정규직(전문연구요원) 채용 공고(재공고),2020.11.09,https://www.alio.go.kr/item/itemBoardB1020.do?seq=2020110902116380&disclosureNo=2020110902116380
제2020-16차 4분기 체험형 인턴(자체인턴) 모집 공고,2020.10.28,https://www.alio.go.kr/item/itemBoardB1020.do?seq=2020102802109897&disclosureNo=2020102802109897
제2020-15차 4분기 박사후연구원 모집 공고,2020.10.28,https://www.alio.go.kr/item/itemBoardB1020.do?seq=2020102802109894&disclosureNo=2020102802109894
제2020-14차 비정규직(전문연구요원) 채용 공고,2020.10.12,https://www.alio.go.kr/item/itemBoardB1020.do?seq=2020101202099806&disclosureNo=2020101202099806
제2020-13차 비정규직 채용 공고,2020.10.12,https://www.alio.go.kr/item/itemBoardB1020.do?seq=2020101202099793&disclosureNo=2020101202099793
재료연구소 2020-3차 정규직 공개채용 공고,2020.08.24,https://www.alio.go.kr/item/itemBoardB1020.do?seq=2020082402078815&disclosureNo=2020082402078815
제2020-12차 비정규직 채용 공고,2020.08.03,https://www.alio.go.kr/item/itemBoardB1020.do?seq=2020080302070186&disclosureNo=2020080302070186
제2020-10차 3분기 박사후연구원 모집 공고,2020.07.28,https://www.alio.go.kr/item/itemBoardB1020.do?seq=2020072802067809&disclosureNo=2020072802067809
제2020-11차 3분기 체험형 인턴(자체인턴) 모집 공고,2020.07.28,https://www.alio.go.kr/item/itemBoardB1020.do?seq=2020072802067820&disclosureNo=2020072802067820
제2020-9차 비정규직 채용 공고(재공고),2020.06.29,https://www.alio.go.kr/item/itemBoardB1020.do?seq=2020062902052824&disclosureNo=2020062902052824
제2020-7차 2분기 박사후연구원 모집 공고,2020.05.21,https://www.alio.go.kr/item/itemBoardB1020.do?seq=2020052102032636&disclosureNo=2020052102032636
제2020-8차 2분기 체험형 인턴(자체인턴) 모집 공고,2020.05.21,https://www.alio.go.kr/item/itemBoardB1020.do?seq=2020052102032656&disclosureNo=2020052102032656
제2020-6차 비정규직 채용 공고,2020.05.07,https://www.alio.go.kr/item/itemBoardB1020.do?seq=2020050702025205&disclosureNo=2020050702025205
2020년도 제2차 출연(연) 맞춤형 인력양성 사업 박사후연구원 채용 공고,2020.05.07,https://www.alio.go.kr/item/itemBoardB1020.do?seq=2020050702024866&disclosureNo=2020050702024866
2020년도 제1차 출연(연) 맞춤형 인력양성 사업 박사후연구원 채용 공고,2020.02.25,https://www.alio.go.kr/item/itemBoardB1020.do?seq=2020022501976169&disclosureNo=2020022501976169
재료연구소 2020-1차 정규직 공개채용 공고,2020.02.24,https://www.alio.go.kr/item/itemBoardB1020.do?seq=2020022401975483&disclosureNo=2020022401975483
제2020-3차 1분기 체험형 인턴(자체인턴) 모집 공고,2020.02.10,https://www.alio.go.kr/item/itemBoardB1020.do?seq=2020021001968249&disclosureNo=2020021001968249
제2020-2차 1분기 박사후연구원 모집 공고,2020.02.10,https://www.alio.go.kr/item/itemBoardB1020.do?seq=2020021001968174&disclosureNo=2020021001968174
제2020-1차 비정규직(육아휴직 대체인력) 채용 공고,2020.02.03,https://www.alio.go.kr/item/itemBoardB1020.do?seq=2020020301964135&disclosureNo=2020020301964135
2019년 핵심연구분야 우수인력 발굴사업(박사) 채용 공고 (6차 재공고),2019.12.20,https://www.alio.go.kr/item/itemBoardB1020.do?seq=2019122001945404&disclosureNo=2019122001945404
2019년 핵심연구분야 우수인력 발굴사업(박사) 채용 공고 (5차 재공고),2019.12.03,https://www.alio.go.kr/item/itemBoardB1020.do?seq=2019120301936720&disclosureNo=2019120301936720
2019년 핵심연구분야 우수인력 발굴사업(박사) 채용 공고 (4차 재공고),2019.11.18,https://www.alio.go.kr/item/itemBoardB1020.do?seq=2019111801929018&disclosureNo=2019111801929018
제2019-18차 4분기 박사후연구원 모집 공고,2019.11.11,https://www.alio.go.kr/item/itemBoardB1020.do?seq=2019111101925585&disclosureNo=2019111101925585
제2019-19차 4분기 체험형 인턴(자체인턴) 모집 공고,2019.11.11,https://www.alio.go.kr/item/itemBoardB1020.do?seq=2019111101925599&disclosureNo=2019111101925599
2019년 핵심연구분야 우수인력 발굴사업(박사) 채용 공고 (3차 재공고),2019.09.24,https://www.alio.go.kr/item/itemBoardB1020.do?seq=2019092401899745&disclosureNo=2019092401899745
제2019-16차 비정규직(위촉연구원) 모집 공고,2019.08.21,https://www.alio.go.kr/item/itemBoardB1020.do?seq=2019082101883995&disclosureNo=2019082101883995
제2019-15차 비정규직(육아휴직 대체인력) 모집 공고,2019.08.21,https://www.alio.go.kr/item/itemBoardB1020.do?seq=2019082101883993&disclosureNo=2019082101883993
2019년 핵심연구분야 우수인력 발굴사업(박사) 채용 공고 (2차 재공고),2019.08.14,https://www.alio.go.kr/item/itemBoardB1020.do?seq=2019081401881392&disclosureNo=2019081401881392
제2019-12차 3분기 박사후연구원 모집 공고,2019.08.12,https://www.alio.go.kr/item/itemBoardB1020.do?seq=2019081201879933&disclosureNo=2019081201879933
제2019-13차 3분기 체험형 인턴(자체인턴) 모집 공고,2019.08.12,https://www.alio.go.kr/item/itemBoardB1020.do?seq=2019081201879942&disclosureNo=2019081201879942
재료연구소 2019-2차 정규직 공개채용 공고,2019.07.30,https://www.alio.go.kr/item/itemBoardB1020.do?seq=2019073001873796&disclosureNo=2019073001873796
2019년 핵심연구분야 우수인력 발굴사업(박사) 채용 공고,2019.06.28,https://www.alio.go.kr/item/itemBoardB1020.do?seq=2019062801854698&disclosureNo=2019062801854698
제2019-10차 2분기 체험형 인턴(자체인턴) 모집 공고,2019.05.17,https://www.alio.go.kr/item/itemBoardB1020.do?seq=2019071601865448&disclosureNo=2019071601865448
제2019-9차 2분기 박사후연구원 모집 공고,2019.05.17,https://www.alio.go.kr/item/itemBoardB1020.do?seq=2019051701832838&disclosureNo=2019051701832838
제2019-8차 별정직(위촉연구원) 모집 공고,2019.05.08,https://www.alio.go.kr/item/itemBoardB1020.do?seq=2019050801827596&disclosureNo=2019050801827596
제2019-7차 별정직(육아휴직대체인력) 모집 공고,2019.05.08,https://www.alio.go.kr/item/itemBoardB1020.do?seq=2019050801827589&disclosureNo=2019050801827589
제2019-6차 별정직(기술직) 모집 공고,2019.05.08,https://www.alio.go.kr/item/itemBoardB1020.do?seq=2019050801827588&disclosureNo=2019050801827588
제2019-5차 별정직(기술직) 모집 공고,2019.04.05,https://www.alio.go.kr/item/itemBoardB1020.do?seq=2019040501801168&disclosureNo=2019040501801168
2018년 핵심연구분야 우수인력 발굴사업(YS포닥) 채용 공고(12차재공고),2019.03.04,https://www.alio.go.kr/item/itemBoardB1020.do?seq=2019030401781947&disclosureNo=2019030401781947
재료연구소 2019-1차 정규직 공개채용 공고,2019.02.21,https://www.alio.go.kr/item/itemBoardB1020.do?seq=2019022101777420&disclosureNo=2019022101777420
제2019-3차 1분기 박사후연구원 모집 공고,2019.02.01,https://www.alio.go.kr/item/itemBoardB1020.do?seq=2019020101770121&disclosureNo=2019020101770121
제2019-2차 1분기 체험형 인턴(자체인턴) 모집 공고,2019.02.01,https://www.alio.go.kr/item/itemBoardB1020.do?seq=2019020101770107&disclosureNo=2019020101770107
2018년 핵심연구분야 우수인력 발굴사업(박사) 채용 공고(11차재공고),2019.01.21,https://www.alio.go.kr/item/itemBoardB1020.do?seq=2019012101764636&disclosureNo=2019012101764636
2018년 핵심연구분야 우수인력 발굴사업(박사) 채용 공고(10차재공고),2018.12.21,https://www.alio.go.kr/item/itemBoardB1020.do?seq=2018122101740200&disclosureNo=2018122101740200
제2018-28차 체험형 인턴(자체인턴) 모집 공고,2018.11.22,https://www.alio.go.kr/item/itemBoardB1020.do?seq=2018112201725655&disclosureNo=2018112201725655
제2018-27차 박사후연구원 모집 공고(재공고),2018.11.20,https://www.alio.go.kr/item/itemBoardB1020.do?seq=2018112001724041&disclosureNo=2018112001724041
2018년 핵심연구분야 우수인력 발굴사업(박사) 채용 공고,2018.11.13,https://www.alio.go.kr/item/itemBoardB1020.do?seq=2018111301720959&disclosureNo=2018111301720959
제2018-25차 박사후연구원 모집 공고,2018.11.01,https://www.alio.go.kr/item/itemBoardB1020.do?seq=2018110101715025&disclosureNo=2018110101715025
제2018-24차 육아휴직 대체인력 모집 공고,2018.10.22,https://www.alio.go.kr/item/itemBoardB1020.do?seq=2018102201709843&disclosureNo=2018102201709843
재료연구소 2018-4차 정규직 공개채용 공고,2018.10.15,https://www.alio.go.kr/item/itemBoardB1020.do?seq=2018101501706823&disclosureNo=2018101501706823
2017년 핵심연구분야 우수인력 발굴사업(박사) 채용 공고(8차 재공고),2018.10.10,https://www.alio.go.kr/item/itemBoardB1020.do?seq=2018101001701714&disclosureNo=2018101001701714
제2018-21차 별정직(일몰형사업) 모집 공고,2018.10.08,https://www.alio.go.kr/item/itemBoardB1020.do?seq=2018100801701212&disclosureNo=2018100801701212
제2018-22차 육아휴직 대체인력 모집 공고,2018.10.08,https://www.alio.go.kr/item/itemBoardB1020.do?seq=2018100801701245&disclosureNo=2018100801701245
2017년 핵심연구분야 우수인력 발굴사업(박사) 채용 공고(7차 재공고),2018.09.04,https://www.alio.go.kr/item/itemBoardB1020.do?seq=2018090401686354&disclosureNo=2018090401686354
제2018-19차 3분기 체험형 인턴 모집 공고,2018.08.20,https://www.alio.go.kr/item/itemBoardB1020.do?seq=2018082001642603&disclosureNo=2018082001642603
제2018-18차 별정직(일몰형사업) 모집 공고,2018.08.13,https://www.alio.go.kr/item/itemBoardB1020.do?seq=2018081301639645&disclosureNo=2018081301639645
2018-2차 정규직/무기계약직 직원 모집 공고,2018.08.10,https://www.alio.go.kr/item/itemBoardB1020.do?seq=2018081001639003&disclosureNo=2018081001639003
제2018-17차 체험형 인턴 모집 공고(재공고),2018.07.20,https://www.alio.go.kr/item/itemBoardB1020.do?seq=2018072001629049&disclosureNo=2018072001629049
제2018-16차 박사후연구원 모집 공고,2018.07.03,https://www.alio.go.kr/item/itemBoardB1020.do?seq=2018070301618322&disclosureNo=2018070301618322
제2018-15차 별정직 모집 공고,2018.06.18,https://www.alio.go.kr/item/itemBoardB1020.do?seq=2018061801611184&disclosureNo=2018061801611184
제2018-14차 인턴 모집 공고,2018.06.07,https://www.alio.go.kr/item/itemBoardB1020.do?seq=2018062701615935&disclosureNo=2018062701615935
제2018-13차 육아휴직 대체인력 모집 공고,2018.05.28,https://www.alio.go.kr/item/itemBoardB1020.do?seq=2018052801601370&disclosureNo=2018052801601370
핵심연구분야 우수인력 발굴사업(박사) 채용 공고(분야5),2018.04.16,https://www.alio.go.kr/item/itemBoardB1020.do?seq=2018041601581430&disclosureNo=2018041601581430
핵심연구분야 우수인력 발굴사업(박사) 채용 공고(분야1),2018.04.16,https://www.alio.go.kr/item/itemBoardB1020.do?seq=2018041601581425&disclosureNo=2018041601581425
핵심연구분야 우수인력 발굴사업(박사) 채용 공고(분야2),2018.04.16,https://www.alio.go.kr/item/itemBoardB1020.do?seq=2018062701615930&disclosureNo=2018062701615930
핵심연구분야 우수인력 발굴사업(박사) 채용 공고(분야4),2018.04.16,https://www.alio.go.kr/item/itemBoardB1020.do?seq=2018041601581429&disclosureNo=2018041601581429
제2018-08차 별정직 모집 공고,2018.04.02,https://www.alio.go.kr/item/itemBoardB1020.do?seq=2018040201564189&disclosureNo=2018040201564189
2017년 핵심연구분야 우수인력 발굴사업(박사) 채용 공고(5차재공고),2018.03.12,https://www.alio.go.kr/item/itemBoardB1020.do?seq=2018031201551648&disclosureNo=2018031201551648
제2018-06차 박사후연구원 모집 공고,2018.03.12,https://www.alio.go.kr/item/itemBoardB1020.do?seq=2018031201551551&disclosureNo=2018031201551551
제2018-05차 박사후연구원 모집 공고,2018.02.06,https://www.alio.go.kr/item/itemBoardB1020.do?seq=2018020601536631&disclosureNo=2018020601536631
2017년 핵심연구분야 우수인력 발굴사업(박사) 채용 공고(4차),2018.02.06,https://www.alio.go.kr/item/itemBoardB1020.do?seq=2018020601536607&disclosureNo=2018020601536607
제2018-03차 박사후연구원 모집 공고,2018.01.16,https://www.alio.go.kr/item/itemBoardB1020.do?seq=2018011601528453&disclosureNo=2018011601528453
2017년 핵심연구분야 우수인력 발굴사업(박사) 채용 공고(3차),2018.01.16,https://www.alio.go.kr/item/itemBoardB1020.do?seq=2018011601528421&disclosureNo=2018011601528421
2017년 핵심연구분야 우수인력 발굴사업(박사) 채용 공고(2차),2018.01.02,https://www.alio.go.kr/item/itemBoardB1020.do?seq=2018010201520482&disclosureNo=2018010201520482
제2017-39차 박사후연구원 모집 공고,2017.12.18,https://www.alio.go.kr/item/itemBoardB1020.do?seq=2017121801515647&disclosureNo=2017121801515647
2017년 핵심연구분야 우수인력 발굴사업(박사) 채용 공고,2017.12.04,https://www.alio.go.kr/item/itemBoardB1020.do?seq=2017120401510147&disclosureNo=2017120401510147
제2017-37차 박사후연구원 모집 공고,2017.11.06,https://www.alio.go.kr/item/itemBoardB1020.do?seq=2017110601497031&disclosureNo=2017110601497031
제2017-36차 별정직 직원(출산휴가·육아휴직 대체인력) 모집 공고,2017.10.24,https://www.alio.go.kr/item/itemBoardB1020.do?seq=2017102401491412&disclosureNo=2017102401491412
제2017-35차 박사후연구원 모집 공고,2017.10.18,https://www.alio.go.kr/item/itemBoardB1020.do?seq=2017101801486485&disclosureNo=2017101801486485
제2017-34차 별정직 직원 모집 공고,2017.09.12,https://www.alio.go.kr/item/itemBoardB1020.do?seq=2017091201473861&disclosureNo=2017091201473861
제2017-33차 별정직 직원 모집 공고,2017.09.11,https://www.alio.go.kr/item/itemBoardB1020.do?seq=2017091101473236&disclosureNo=2017091101473236
2017-2차 정규직 채용공고,2017.08.17,https://www.alio.go.kr/item/itemBoardB1020.do?seq=2017081701464088&disclosureNo=2017081701464088
제2017-32차 별정직 직원 모집 공고,2017.07.18,https://www.alio.go.kr/item/itemBoardB1020.do?seq=2017071801451899&disclosureNo=2017071801451899
제2017-31차 별정직 직원 모집 공고,2017.07.06,https://www.alio.go.kr/item/itemBoardB1020.do?seq=2017070601444368&disclosureNo=2017070601444368
제2017-30차 별정직 직원 모집 공고,2017.07.05,https://www.alio.go.kr/item/itemBoardB1020.do?seq=2017070501443587&disclosureNo=2017070501443587
제2017-29차 별정직 직원 모집 공고,2017.06.26,https://www.alio.go.kr/item/itemBoardB1020.do?seq=2017062601439174&disclosureNo=2017062601439174
제2017-28차 별정직 직원 모집 공고,2017.06.13,https://www.alio.go.kr/item/itemBoardB1020.do?seq=2017061301433805&disclosureNo=2017061301433805
제2017-27차 별정직 직원 모집 공고,2017.05.29,https://www.alio.go.kr/item/itemBoardB1020.do?seq=2017052901427302&disclosureNo=2017052901427302
2016년 핵심연구분야 우수인력 발굴사업(박사) 채용(재)공고,2017.05.15,https://www.alio.go.kr/item/itemBoardB1020.do?seq=2017051501420923&disclosureNo=2017051501420923
제2017-25차 별정직 직원 모집 공고,2017.05.15,https://www.alio.go.kr/item/itemBoardB1020.do?seq=2017051501420914&disclosureNo=2017051501420914
제2017-24차 별정직 직원 모집 공고,2017.05.08,https://www.alio.go.kr/item/itemBoardB1020.do?seq=2017050801418353&disclosureNo=2017050801418353
제2017-23차 별정직 직원 모집 공고,2017.04.25,https://www.alio.go.kr/item/itemBoardB1020.do?seq=2017042501414208&disclosureNo=2017042501414208
제2017-22 별정직 직원 모집 공고,2017.04.24,https://www.alio.go.kr/item/itemBoardB1020.do?seq=2017042401413420&disclosureNo=2017042401413420
2016년 핵심연구분야 우수인력 발굴사업(박사) 채용,2017.04.24,https://www.alio.go.kr/item/itemBoardB1020.do?seq=2017042401413361&disclosureNo=2017042401413361
제2017-20 별정직 직원 모집 공고,2017.04.17,https://www.alio.go.kr/item/itemBoardB1020.do?seq=2017041701409897&disclosureNo=2017041701409897
제2017-19차 별정직 직원 모집 공고,2017.04.10,https://www.alio.go.kr/item/itemBoardB1020.do?seq=2017041001397039&disclosureNo=2017041001397039
제2017-18차 별정직 직원 모집 공고,2017.04.03,https://www.alio.go.kr/item/itemBoardB1020.do?seq=2017040301393373&disclosureNo=2017040301393373
제2017-17차 별정직 직원 모집 공고,2017.03.22,https://www.alio.go.kr/item/itemBoardB1020.do?seq=2017032201386510&disclosureNo=2017032201386510
2016년 핵심연구분야 우수인력 발굴사업(박사) 채용(재)공고,2017.03.21,https://www.alio.go.kr/item/itemBoardB1020.do?seq=2017032101385495&disclosureNo=2017032101385495
제2017-15 별정직 직원 모집 공고,2017.03.21,https://www.alio.go.kr/item/itemBoardB1020.do?seq=2017032101385516&disclosureNo=2017032101385516
2017-1차 정규직채용공고,2017.03.15,https://www.alio.go.kr/item/itemBoardB1020.do?seq=2017031501381968&disclosureNo=2017031501381968
제2017-14차 별정직 직원 모집 공고,2017.03.06,https://www.alio.go.kr/item/itemBoardB1020.do?seq=2017030601375557&disclosureNo=2017030601375557
2016년 핵심연구분야 우수인력 발굴사업(박사) 채용(재)공고,2017.02.27,https://www.alio.go.kr/item/itemBoardB1020.do?seq=2017022701371863&disclosureNo=2017022701371863
제2017-13차 별정직 직원 모집 공고,2017.02.27,https://www.alio.go.kr/item/itemBoardB1020.do?seq=2017022701371875&disclosureNo=2017022701371875
제2017-10차 별정직 직원 모집 공고,2017.02.20,https://www.alio.go.kr/item/itemBoardB1020.do?seq=2017022001368339&disclosureNo=2017022001368339
제2017-11차 별정직 직원 모집 공고,2017.02.20,https://www.alio.go.kr/item/itemBoardB1020.do?seq=2017022001368341&disclosureNo=2017022001368341
제2017-9차 별정직 직원 모집 공고,2017.02.13,https://www.alio.go.kr/item/itemBoardB1020.do?seq=2017021301364384&disclosureNo=2017021301364384
제2017-8차 별정직 직원 모집 공고,2017.02.07,https://www.alio.go.kr/item/itemBoardB1020.do?seq=2017020701362014&disclosureNo=2017020701362014
2016년 핵심연구분야 우수인력 발굴사업(박사) 채용(재)공고,2017.01.31,https://www.alio.go.kr/item/itemBoardB1020.do?seq=2017013101357671&disclosureNo=2017013101357671
제2017-6차 별정직 직원 모집 공고,2017.01.25,https://www.alio.go.kr/item/itemBoardB1020.do?seq=2017012501356257&disclosureNo=2017012501356257
제2017-5차 별정직 직원 모집 공고,2017.01.25,https://www.alio.go.kr/item/itemBoardB1020.do?seq=2017012501356255&disclosureNo=2017012501356255
제2017-4차 별정직 직원 모집 공고,2017.01.16,https://www.alio.go.kr/item/itemBoardB1020.do?seq=2017011601352143&disclosureNo=2017011601352143
2016년 핵심연구분야 우수인력 발굴사업(박사) 채용(재)공고,2017.01.09,https://www.alio.go.kr/item/itemBoardB1020.do?seq=2017010901347661&disclosureNo=2017010901347661
제2017-2차 별정직 직원 모집 공고,2017.01.09,https://www.alio.go.kr/item/itemBoardB1020.do?seq=2017010901347660&disclosureNo=2017010901347660
제2017-1차 별정직 직원 모집 공고,2017.01.02,https://www.alio.go.kr/item/itemBoardB1020.do?seq=2017010201341616&disclosureNo=2017010201341616
